id,target
0,0.92
2,0.96
3,0.87
9,0.25
11,0.67
12,0.93
21,0.12
22,0.19
27,0.0
29,0.01
30,0.04
35,0.0
42,0.03
43,0.0
45,0.0
46,0.56
47,0.0
51,0.76
58,0.0
60,0.0
69,0.28
70,0.38
72,0.25
75,0.29
84,0.06
87,0.4666666666666666
88,0.04
90,0.55
94,0.03
99,0.3
101,0.85
103,0.98
106,0.74
108,0.8
111,0.7
115,0.37
116,0.85
122,0.39
123,0.72
124,0.54
125,0.1
127,0.62
140,0.75
142,0.82
147,0.05
148,0.17
150,0.39
152,0.0
154,0.51
155,0.0
166,0.34
167,0.43
169,0.64
177,0.0
179,0.0
181,0.12
186,0.05
188,0.62
189,0.06
192,0.0
200,0.84
202,0.23
206,0.9
207,0.17
214,0.97
217,1.0
223,0.09
224,1.0
227,0.9
228,0.81
230,0.73
233,0.81
234,1.0
236,1.0
239,1.0
250,1.0
255,0.03
257,0.0
259,0.5
275,0.56
278,0.17
282,0.38
284,0.07
286,0.82
288,1.0
292,0.32
295,0.01
300,0.23
304,0.87
305,0.87
306,0.32
308,0.05
311,0.21
317,0.17
319,0.1
323,0.05
324,0.25
325,0.225
326,0.62
333,0.34
339,0.53
342,0.54
343,0.12
350,0.26
351,0.59
357,0.7166666666666666
359,0.31
362,0.48
366,0.63
367,0.31
369,0.31
373,0.54
374,0.77
376,0.48
377,0.31
378,0.31
379,0.47
382,0.31
385,0.31
387,0.81
388,0.31
391,0.31
392,0.31
395,0.31
399,0.23
400,0.17
403,0.12
405,0.51
408,0.01
411,0.39
414,0.26
416,0.21
417,0.56
422,0.0
425,0.14
428,0.2
430,0.08
431,0.07
433,0.14
434,0.0
439,0.01
441,0.0
449,0.04
458,0.0
460,0.11
464,0.29
473,0.1
488,0.05
491,0.41
494,0.91
497,0.02
500,0.46
505,0.04
507,0.3
508,0.0
510,0.01
511,0.0
515,0.6
525,0.29
529,0.04
532,0.04
534,0.04
537,0.23
539,0.16
541,0.04
545,0.01
547,0.71
548,0.94
549,0.72
553,0.74
554,0.31
555,0.95
557,0.37
562,0.4
566,0.94
572,0.74
573,0.65
582,0.92
586,0.96
587,0.04
590,0.97
591,0.03
593,0.05
595,0.38
596,0.16
597,0.02
601,0.14
602,0.23
605,0.8
610,0.32
616,0.07
618,0.97
620,0.99
626,0.07
627,0.01
629,0.01
632,0.99
634,0.63
639,0.24
645,0.97
647,0.92
648,0.46
650,0.58
663,0.85
666,0.43
668,0.2
670,0.46
673,0.93
676,0.51
678,0.07
692,0.47
693,0.545
694,0.71
695,0.51
696,0.87
698,1.0
701,0.16
703,0.97
707,0.97
708,0.86
711,0.97
715,0.97
718,0.16
722,0.04
723,0.1
733,0.97
741,0.65
742,0.97
743,0.11
747,0.02
749,0.61
750,0.04
756,0.06
757,0.02
760,0.21
764,0.13
765,0.08
766,0.07
768,0.3
769,0.02
771,0.29
772,0.01
776,0.18
778,0.08
780,0.25
785,0.07
789,0.08
792,0.09
793,0.05
811,0.87
813,0.0
816,0.13
821,0.12
824,0.9
825,0.3
827,0.06
830,0.53
831,0.51
839,0.51
844,0.17
847,0.53
850,0.48
854,0.53
855,0.67
858,0.26
861,0.53
862,0.16
865,0.84
869,0.8
879,0.7044126984126984
880,0.77
887,0.8775
889,0.97
897,0.8242857142857143
900,0.7542460317460317
901,0.13
904,0.6707936507936507
908,0.7742857142857144
909,0.7742857142857144
910,0.93
913,0.24
914,0.72
917,0.7442460317460317
918,0.97
920,0.8542857142857143
922,0.6652936507936505
924,0.6652936507936505
925,0.24
927,0.26
933,0.19
937,0.44
943,0.1
949,0.0
950,0.73
954,0.21
966,0.0
967,0.0
969,0.0
970,0.13
973,0.08
975,0.3
980,0.08
988,0.01
989,0.17
995,0.95
1000,0.466
1003,0.01
1007,0.24
1011,0.44
1012,0.23
1013,0.02
1014,0.385
1016,0.83
1019,0.04
1025,0.27
1027,0.43
1028,0.95
1030,0.15
1033,0.49
1034,0.22
1039,0.02
1046,0.24
1047,0.03
1053,0.33
1055,0.05
1056,0.3
1059,0.13
1060,0.04
1063,0.11
1064,0.01
1068,0.02
1076,0.06
1086,0.07
1087,0.01
1089,0.53
1092,0.08
1095,0.68
1096,0.03
1097,0.23
1100,0.06
1101,0.04
1107,0.05
1108,0.2
1111,0.16
1115,0.58
1116,0.0
1121,0.08
1125,0.26
1127,0.1
1131,0.35
1133,0.49
1135,0.135
1137,0.04
1140,0.01
1144,0.37
1147,0.51
1148,0.03
1150,0.06
1158,0.0
1159,0.16
1161,0.53
1163,0.05
1165,0.39
1169,0.16
1171,0.02
1172,0.16
1176,0.11
1180,0.0
1184,0.03
1186,0.07
1187,0.18
1192,0.55
1193,0.03
1194,0.03
1197,0.63
1200,0.05
1205,0.2
1210,0.03
1216,0.07
1220,0.06
1231,0.08
1233,0.01
1246,0.07
1247,0.02
1248,0.13
1255,0.08
1256,0.01
1257,0.46
1258,0.12
1260,0.36
1261,0.03
1265,0.01
1266,0.31
1268,0.04
1274,0.04
1281,0.085
1285,0.12
1286,0.04
1291,0.37
1292,0.19
1295,0.0
1299,0.41
1306,0.09
1310,0.07
1311,0.01
1313,0.29
1314,0.03
1322,0.07
1323,0.23
1325,0.13
1329,0.32
1330,0.11
1333,0.05
1336,0.42
1339,0.06
1342,0.01
1344,0.04
1355,0.87
1357,0.0
1358,0.25
1359,0.06
1364,0.16
1366,0.48
1367,0.05
1370,0.87
1373,0.095
1377,0.28
1386,0.13
1387,0.05
1392,0.22
1397,0.0
1398,0.04
1400,0.02
1403,0.21
1404,0.05
1410,0.07
1413,0.04
1416,0.14
1417,0.05
1423,0.22
1424,0.14
1426,0.09
1427,0.13
1428,0.08
1430,0.23
1434,0.14
1435,0.51
1437,0.16
1438,0.15
1442,0.02
1446,0.09
1451,0.05
1457,0.27
1461,0.04
1462,0.16
1465,0.16
1468,0.23
1469,0.05
1471,0.3
1476,0.38
1478,0.16
1481,0.23
1489,0.1
1490,0.06
1492,0.23
1496,0.04
1512,0.21
1516,0.23
1517,0.09
1528,0.09
1529,0.69
1536,0.99
1539,0.04
1541,0.29
1542,0.02
1548,0.98
1550,0.28
1551,0.1
1552,0.86
1557,0.96
1563,0.01
1564,0.13
1565,0.15
1566,0.99
1571,0.08
1578,0.18
1581,0.12
1583,0.0
1584,0.2
1586,0.88
1589,0.99
1592,0.93
1598,0.76
1606,0.09
1612,0.59
1616,0.39
1620,0.02
1624,0.13
1629,1.0
1630,0.4
1635,1.0
1640,1.0
1641,0.64
1642,1.0
1651,1.0
1655,1.0
1656,0.98
1659,0.69
1664,1.0
1667,1.0
1668,1.0
1674,0.76
1678,0.14
1680,1.0
1681,0.86
1682,0.99
1685,0.53
1695,1.0
1696,0.88
1697,0.04
1704,0.83
1708,0.8
1711,1.0
1713,0.96
1714,0.81
1717,0.52
1729,0.52
1730,0.03
1732,0.59
1734,0.67
1736,0.51
1738,0.67
1742,0.31
1743,0.65
1746,0.36
1748,0.76
1749,0.78
1751,0.61
1758,0.72
1764,0.95
1765,0.53
1777,0.59
1778,0.16
1781,0.51
1782,0.84
1783,0.7
1785,0.79
1788,0.61
1793,0.9
1794,0.36
1795,0.92
1797,0.98
1800,1.0
1801,0.66
1805,0.94
1806,0.61
1819,0.18
1820,0.97
1825,0.35
1828,0.01
1829,0.52
1830,0.22
1839,0.74
1843,0.07
1844,0.19
1846,0.11
1849,0.13
1850,0.2
1854,0.16
1855,0.15
1858,0.22
1859,0.01
1862,0.18666666666666665
1867,0.17
1868,0.06
1871,0.92
1872,0.1
1874,0.28
1876,0.17
1879,0.4
1884,0.45
1891,0.1
1894,0.43
1896,0.08
1902,0.1
1903,0.11
1904,0.29
1906,0.34
1907,0.18
1912,0.37
1913,0.36
1923,0.7
1926,0.64
1928,0.8
1930,0.98
1931,0.35
1934,0.68
1936,0.53
1944,0.85
1946,0.72
1947,0.55
1958,0.76
1964,0.43
1970,0.81
1974,0.03
1977,0.96
1978,0.58
1982,0.44
1984,0.57
1988,0.93
1993,0.19
1997,0.54
1998,0.44
2002,0.61
2004,0.51
2005,0.8
2008,0.27
2011,0.83
2013,0.41
2018,0.74
2021,0.35
2025,0.36
2029,0.96
2030,0.83
2032,0.51
2037,0.24
2041,0.38
2044,0.55
2048,0.74
2052,0.71
2053,0.31
2054,0.52
2062,0.04
2065,0.21
2066,0.12
2072,0.4
2079,0.21
2080,0.49
2085,0.19
2088,0.64
2090,0.61
2092,0.41
2093,0.18
2101,0.27
2104,0.02
2105,0.43
2106,0.21
2107,0.22
2120,0.52
2124,0.51
2127,0.21
2130,0.05
2132,0.0
2135,0.0
2137,0.075
2140,0.68
2143,0.53
2147,0.0
2151,0.45
2152,0.29
2155,0.68
2156,0.36
2162,0.61
2165,0.81
2166,0.33
2167,0.07
2168,0.55
2170,0.7
2178,1.0
2180,0.89
2182,0.08
2184,0.2
2185,0.62
2187,0.14
2196,0.13
2197,0.36
2199,0.34
2200,0.05
2201,0.04
2202,0.72
2206,0.08
2208,0.78
2218,0.34
2223,0.94
2224,0.71
2226,0.19
2228,0.01
2232,0.01
2234,0.65
2243,0.91
2247,0.12
2249,0.01
2252,1.0
2253,0.75
2259,0.09
2261,0.01
2264,0.32
2268,0.04
2269,0.04
2270,0.37
2276,0.8
2283,0.26
2287,0.16
2290,0.13
2291,0.05
2293,0.04
2295,0.04
2302,0.23
2305,0.53
2310,0.91
2313,0.71
2316,0.71
2320,0.28
2322,0.48
2323,0.68
2326,0.49
2328,0.89
2331,0.51
2335,0.53
2338,0.57
2343,0.19
2344,0.14
2345,0.06
2353,0.96
2355,0.28
2357,0.07
2360,0.67
2365,0.21
2369,0.47
2371,0.25
2378,0.61
2380,0.05
2381,0.34
2383,0.87
2384,0.8
2392,0.26
2393,0.18
2401,0.5
2403,0.3
2404,0.76
2405,0.05
2407,0.12
2411,0.04
2424,0.03
2426,0.12
2431,0.01
2433,0.12
2434,0.04
2436,0.0
2439,0.01
2444,0.66
2447,0.07
2448,0.41
2449,0.02
2450,0.05
2461,0.2
2469,0.22
2472,0.27
2473,0.07
2474,0.0
2477,0.17
2481,0.1
2484,0.18
2495,0.21
2503,0.11
2509,0.66
2511,0.98
2518,0.99
2522,0.84
2525,0.84
2526,0.31
2529,0.56
2533,0.59
2549,0.06
2551,0.09
2558,0.52
2562,0.81
2563,0.35
2567,0.58
2574,0.88
2577,0.73
2578,0.05
2580,0.6
2581,0.49
2583,0.98
2584,0.63
2586,0.42
2589,0.93
2595,0.75
2596,0.89
2600,0.93
2601,0.83
2607,0.48
2610,0.2
2613,0.36
2615,0.62
2618,0.19
2620,0.28
2623,0.99
2626,0.12
2630,0.18
2634,1.0
2636,0.95
2638,0.45
2639,0.91
2646,0.16
2650,0.75
2652,0.49
2653,0.02
2654,0.43
2662,0.05
2665,0.06
2669,0.07
2674,0.1
2678,0.86
2681,0.15
2685,0.02
2686,0.1
2690,0.36
2697,0.03
2699,0.54
2704,0.02
2705,0.08
2710,0.19
2712,0.07
2713,0.12
2716,0.37
2717,0.35
2718,0.02
2721,0.06
2722,0.02
2735,0.0
2737,0.09
2738,0.1
2742,0.39
2745,0.09
2746,0.25
2747,0.05
2750,0.02
2751,0.23
2754,0.14
2762,0.91
2764,0.11
2772,0.06
2775,0.0
2776,0.16
2779,0.25
2781,0.01
2789,0.13
2790,0.16
2791,0.39
2798,0.98
2800,0.16
2804,0.22
2805,0.76
2806,0.7
2809,0.75
2810,0.76
2812,0.76
2814,1.0
2816,0.68
2818,0.15
2823,0.05
2824,0.89
2834,0.92
2837,0.71
2840,0.76
2845,0.99
2847,1.0
2848,0.53
2850,0.79
2859,0.41
2862,0.31
2868,0.27
2874,0.22
2876,0.21
2892,0.08
2894,0.9
2897,0.31
2901,0.12
2903,0.05
2904,0.09
2906,0.25
2914,0.32
2918,0.02
2919,0.22
2923,0.68
2926,0.29
2928,0.08
2930,0.09
2938,0.21
2940,0.32
2949,0.8
2951,0.19
2958,0.28
2961,0.11
2962,0.24
2964,0.26
2966,0.07
2967,0.01
2968,0.13
2972,0.03
2977,0.25
2978,0.38
2979,0.05
2981,0.2
2985,0.8
2986,0.09
2989,0.99
2994,0.07
2996,0.52
2997,0.1
2999,0.28
3002,0.16
3007,0.04
3008,0.1
3017,0.09
3020,0.12
3024,0.1
3028,0.37
3031,0.43
3032,0.29
3033,0.64
3035,0.37
3040,0.72
3041,0.51
3046,0.1
3050,0.32
3063,0.74
3065,0.76
3067,0.74
3069,0.36
3076,0.77
3078,0.52
3081,0.8
3087,0.59
3088,0.92
3094,0.51
3096,0.14
3098,0.43
3103,0.95
3110,0.99
3113,1.0
3121,0.91
3127,0.99
3128,0.79
3129,1.0
3135,1.0
3143,0.96
3146,1.0
3148,1.0
3149,1.0
3151,1.0
3156,0.03
3160,0.03
3164,0.33
3169,0.105
3178,0.13
3187,0.47
3194,0.12
3202,0.53
3203,0.08
3204,0.17
3206,0.98
3207,0.02
3208,0.04
3209,0.84
3213,0.01
3214,0.03
3215,0.01
3220,0.03
3223,0.08
3224,0.0
3226,0.03
3228,0.06
3230,0.04
3232,0.04
3233,0.04
3234,0.17
3238,0.04
3246,0.15
3247,0.74
3250,0.76
3251,0.16
3254,0.17
3257,1.0
3258,0.07
3261,0.25
3267,0.88
3268,0.15
3269,0.02
3271,0.25
3272,0.32
3273,0.57
3279,0.17
3290,0.04
3291,0.24
3293,0.46
3294,0.14
3298,0.31
3305,0.64
3306,0.72
3307,0.03
3310,0.5
3313,0.28
3314,0.5
3315,0.01
3316,0.02
3321,0.51
3325,0.46
3326,0.03
3327,0.42
3330,0.91
3331,0.1
3332,0.03
3333,0.12
3343,0.0
3344,0.0
3348,0.06
3349,0.49
3350,0.31
3352,0.05
3353,0.31
3354,0.05
3358,0.55
3360,0.96
3366,0.26
3371,0.88
3374,0.07
3375,0.21
3378,0.78
3382,0.07
3384,0.05
3385,0.02
3386,0.25
3392,0.09
3399,0.15
3407,0.14
3409,0.14
3416,1.0
3420,0.02
3422,1.0
3424,0.14
3426,0.74
3427,0.12
3434,0.16
3438,0.14
3441,0.2
3442,0.35
3443,0.12
3444,0.08
3449,0.12
3453,0.16
3454,0.2
3456,0.82
3457,0.17
3458,0.84
3461,0.99
3467,0.82
3479,0.64
3488,0.92
3491,0.99
3496,0.82
3502,0.76
3507,0.83
3511,0.94
3515,0.97
3516,0.98
3538,0.99
3539,1.0
3541,0.99
3545,0.99
3546,0.97
3547,0.94
3551,1.0
3553,0.37
3556,0.08
3558,0.46
3559,0.04
3561,0.14
3562,0.2
3563,0.26
3564,0.02
3571,0.28
3574,0.53
3576,0.14
3577,0.4
3579,0.62
3580,0.36
3586,0.05
3590,0.07
3599,0.16
3600,0.0
3601,0.16
3605,0.07
3606,0.29
3612,0.25
3614,0.28
3615,0.03
3616,0.14
3620,0.93
3622,0.2
3624,0.04
3630,0.36
3644,0.115
3649,0.53
3651,0.35
3654,0.68
3665,0.6
3668,0.03
3671,0.01
3672,0.17
3673,0.07
3677,0.15
3678,0.07
3687,0.04
3688,0.12
3693,0.17
3698,0.05
3699,0.49
3701,0.96
3703,0.19
3706,0.0
3707,0.7
3709,0.88
3711,0.5
3714,0.05
3716,0.19
3720,0.98
3728,0.97
3731,0.66
3732,0.22
3733,0.37
3734,0.26
3740,0.38
3746,0.04
3749,0.06
3751,0.24
3755,0.11
3757,0.06
3762,0.71
3767,0.08
3769,0.62
3779,0.0
3781,0.23
3782,0.23
3783,0.74
3784,0.34
3790,0.105
3791,0.71
3792,0.99
3794,0.0
3799,0.71
3801,0.14
3804,0.0
3808,0.12
3809,0.13
3811,0.06
3813,0.01
3817,0.15
3818,0.125
3823,0.08
3843,0.23
3844,0.14
3846,0.13
3847,0.49
3852,0.13
3854,0.34
3856,0.11
3863,0.02
3865,0.02
3867,0.08
3871,0.34
3872,0.34
3878,0.34
3880,0.09
3881,0.08
3882,0.23
3883,0.02
3884,0.28
3885,0.13
3886,0.03
3890,0.07
3891,0.21
3898,0.99
3902,0.07
3909,0.07
3910,0.09
3912,0.11
3915,0.99
3918,0.03
3920,0.99
3925,0.46
3928,0.15
3929,0.25
3930,1.0
3931,0.16
3934,0.46
3939,0.23
3941,0.05
3942,0.01
3943,0.04
3946,0.06
3963,0.12
3965,0.69
3966,0.25
3971,0.13
3972,0.99
3974,0.62
3976,0.57
3978,0.14
3981,0.4
3985,0.22
3986,0.97
3987,1.0
3988,1.0
3991,1.0
3999,0.67
4001,0.33
4002,0.35
4004,0.51
4007,0.6
4009,0.48
4013,0.58
4015,0.52
4016,0.26
4023,0.51
4031,0.56
4035,0.58
4036,0.59
4037,0.44
4040,0.47
4048,0.8
4053,0.7437738095238094
4056,0.7437738095238094
4059,0.628
4066,0.86
4067,0.61
4069,0.16
4070,0.39
4071,0.3
4073,0.96
4074,0.32
4075,0.86
4082,0.9154761904761903
4090,0.55
4099,1.0
4102,0.98
4106,0.14
4109,0.54
4110,0.56
4115,0.98
4118,1.0
4120,0.78
4125,0.98
4126,0.04
4130,0.86
4134,1.0
4136,0.94
4137,1.0
4144,0.97
4148,0.06
4151,0.32
4155,0.1
4162,0.75
4165,0.01
4169,0.01
4174,0.25
4179,0.18
4185,0.08
4186,0.3
4187,0.58
4188,0.11
4190,0.03
4192,0.2
4193,0.02
4194,0.0
4195,0.18
4196,0.04
4207,0.88
4208,0.99
4215,0.88
4217,0.78
4222,0.21
4223,0.93
4226,0.02
4228,0.09
4229,0.12
4231,0.91
4234,0.69
4236,0.31
4249,0.4
4254,0.5666666666666668
4258,0.44
4259,0.04
4263,0.29
4267,0.34
4277,0.46
4278,0.36
4280,0.36
4283,0.29
4285,0.6366666666666666
4286,0.6366666666666666
4287,0.36
4290,0.28
4291,0.43
4294,0.58
4302,0.94
4308,0.7
4310,0.31
4311,0.92
4315,0.64
4316,0.07
4319,0.22
4331,0.61
4338,0.96
4339,0.65
4340,1.0
4344,0.74
4346,1.0
4347,0.82
4360,1.0
4364,1.0
4367,1.0
4369,0.15
4370,1.0
4371,0.15
4380,1.0
4386,0.34
4389,0.95
4390,0.95
4394,0.36
4399,0.0
4400,0.08
4404,0.58
4409,0.21
4414,0.0
4417,0.05
4418,0.02
4419,0.035
4420,0.17
4422,0.21
4429,0.59
4431,0.04
4433,0.28
4434,0.03
4439,0.0
4443,0.09
4446,0.13
4447,0.0
4453,0.12
4460,0.59
4461,0.77
4462,0.04
4467,0.41
4469,0.8
4473,0.2
4474,0.48
4475,0.18
4477,0.52
4481,0.06
4483,0.5
4484,0.51
4485,0.42
4495,0.59
4497,0.54
4500,0.62
4501,0.03
4502,0.18
4505,0.11
4506,0.21
4510,0.18
4512,0.55
4513,0.91
4532,0.88
4535,0.46
4536,0.46
4540,0.1
4545,0.66
4552,0.81
4554,0.88
4555,0.08
4558,0.76
4559,0.83
4560,0.25
4566,0.29
4570,0.32
4572,0.09
4574,0.35
4581,0.88
4583,0.87
4586,0.82
4591,0.86
4594,0.23
4603,0.89
4605,0.13
4612,0.43
4613,0.87
4615,0.31
4618,0.08
4621,0.13
4623,0.17
4626,0.33
4629,0.04
4633,0.8
4636,0.45
4638,0.38
4640,0.39
4643,0.05
4645,0.45
4647,0.27
4648,0.0
4651,0.02
4652,0.01
4653,0.36
4654,0.77
4660,0.06
4662,0.05
4663,0.04
4665,0.48
4668,0.26
4676,0.22
4683,0.94
4685,0.77
4686,0.02
4701,0.05
4718,0.1
4721,0.67
4727,0.05
4728,0.38
4733,0.52
4741,0.06
4743,0.55
4746,0.01
4751,0.2
4756,0.8
4761,0.74
4763,0.33
4764,0.88
4767,0.94
4772,0.9
4776,0.89
4780,0.59
4781,0.13
4792,0.14
4796,0.94
4801,0.91
4804,0.85
4805,0.15
4806,0.99
4811,0.82
4815,0.24
4816,0.83
4817,0.57
4818,0.8
4822,0.84
4824,0.29
4827,0.96
4837,0.35
4838,0.98
4839,0.89
4841,0.06
4851,0.92
4855,0.94
4861,0.08
4862,0.05
4863,0.07
4865,0.05
4871,0.04
4873,0.08
4880,0.04
4885,0.11
4886,0.01
4902,0.0
4904,0.2
4907,0.03
4916,0.23
4921,0.56
4925,0.15
4927,0.38
4928,0.74
4930,0.03
4932,0.06
4933,0.30333333333333334
4937,0.9
4939,0.96
4941,0.73
4942,0.47
4947,0.08
4949,0.03
4950,0.24
4956,0.02
4960,0.82
4963,0.38
4965,0.61
4976,0.03
4977,0.03
4987,0.27
4991,0.63
4994,0.615
4999,0.32
5003,1.0
5006,0.49
5009,0.47
5011,0.28
5012,0.98
5014,0.05
5020,0.1
5021,0.42
5023,0.72
5026,0.88
5030,0.1
5031,0.46
5036,0.04
5042,0.24
5045,0.42
5048,0.42
5051,0.03
5053,0.14
5054,0.36
5057,0.03
5058,0.28
5066,1.0
5070,1.0
5077,0.94
5081,0.51
5084,0.32
5086,0.09
5090,0.95
5091,0.66
5093,0.43
5100,0.43
5108,1.0
5111,0.94
5112,0.73
5118,0.07
5121,1.0
5123,1.0
5129,0.39
5133,0.22
5143,0.0
5147,0.13
5151,0.91
5156,0.59
5158,1.0
5161,0.58
5163,0.43
5167,0.48
5173,0.95
5205,0.08
5214,0.01
5215,0.0
5216,0.41
5217,0.04
5225,0.0
5237,0.01
5239,0.41
5240,0.06
5241,0.0
5246,0.05
5250,0.45
5253,0.0
5258,0.28
5261,0.07
5268,0.58
5275,0.04
5277,0.51
5279,0.02
5288,0.45
5289,0.06
5294,0.72
5303,0.15
5307,0.27
5311,0.31
5312,0.25
5314,0.15
5318,0.28
5327,0.11
5329,0.28
5333,0.06
5334,0.08
5340,0.53
5348,0.24
5358,0.1
5360,0.13
5361,0.02
5363,0.79
5364,0.61
5369,0.62
5370,0.57
5374,0.79
5376,0.95
5388,0.54
5390,0.79
5393,0.76
5394,0.81
5395,0.41
5398,0.91
5399,0.91
5401,0.79
5402,0.51
5405,0.78
5414,0.3
5415,0.28
5419,0.1
5421,0.15
5422,0.15
5424,0.13
5427,0.47
5429,0.19
5431,0.69
5433,0.65
5434,0.13
5435,0.1
5436,0.3
5438,0.23
5440,0.5
5441,0.26
5447,0.13
5451,0.02
5453,0.29
5456,0.4
5457,0.8
5463,0.03333333333333333
5464,0.4
5470,0.41
5472,0.59
5474,0.28
5478,0.02
5483,0.1
5490,0.1
5500,0.21
5504,0.7
5508,0.0
5511,0.08
5512,0.27
5513,0.37
5516,0.66
5523,0.2
5527,0.4225
5530,0.29
5533,0.6
5536,0.11
5537,0.06
5542,0.02
5543,0.32
5546,0.0
5549,0.41
5550,0.18
5551,0.14
5562,0.56
5566,0.02
5568,0.03
5571,0.82
5572,0.91
5574,0.68
5583,0.56
5585,0.68
5591,0.84
5596,0.68
5597,0.56
5601,0.8
5606,1.0
5607,0.56
5610,0.56
5615,0.41
5616,0.98
5623,0.15
5630,0.36
5636,0.9
5637,0.0
5639,0.73
5640,0.7
5643,0.54
5648,0.4
5649,0.16
5660,0.25
5666,0.8
5667,0.59
5678,0.17
5679,0.63
5681,0.16
5682,0.74
5691,0.34
5696,1.0
5697,0.99
5700,0.87
5701,0.2
5702,0.88
5708,0.56
5709,0.63
5718,0.9
5723,0.4
5725,1.0
5728,0.18
5731,0.78
5735,0.96
5737,0.96
5738,0.57
5742,0.96
5747,0.92
5749,0.98
5750,0.7
5755,0.97
5756,1.0
5761,1.0
5762,0.97
5767,0.41
5768,0.92
5770,0.94
5773,0.74
5774,0.22
5779,0.63
5782,0.96
5785,0.1
5786,1.0
5787,0.98
5788,0.91
5796,0.03
5802,0.12
5806,0.86
5809,0.2
5810,0.1
5811,0.99
5813,0.76
5820,0.04
5823,0.09
5830,0.83
5831,0.09
5838,0.45
5839,0.87
5844,0.15
5846,0.91
5851,0.86
5852,0.91
5857,0.48
5859,0.19
5860,0.87
5862,0.77
5865,0.79
5866,0.82
5871,0.88
5872,0.85
5877,0.88
5878,1.0
5879,0.93
5880,0.15
5895,0.3
5897,0.1
5910,0.4633333333333334
5914,0.64
5915,0.01
5917,0.03
5924,0.84
5926,0.64
5931,0.3
5936,0.07
5940,0.02
5941,0.22
5945,0.16
5946,0.06
5948,0.77
5951,0.18
5967,0.2
5968,0.09
5969,0.13
5970,0.99
5971,0.21
5973,0.07
5976,0.0
5977,0.22
5984,0.08
5986,0.49
5993,0.7
5994,0.46
6005,0.54
6006,0.54
6008,0.46
6010,0.49
6011,0.83
6014,0.37
6016,0.47
6018,0.59
6021,0.49
6025,0.62
6028,0.58
6029,0.93
6035,0.55
6040,0.83
6042,0.38
6044,0.37
6046,0.49333333333333335
6052,0.66
6054,0.49
6062,1.0
6063,0.52
6067,0.96
6068,0.99
6077,0.53
6079,0.28
6080,0.46
6081,0.79
6082,0.97
6089,0.48
6095,0.05
6101,0.0
6107,0.44
6114,0.03
6117,0.05
6121,0.43
6122,0.54
6124,0.66
6129,0.48
6131,0.39041666666666663
6136,0.37
6139,0.53
6142,0.73
6143,1.0
6144,0.76
6149,0.73
6155,0.68
6157,0.54
6158,0.04
6161,0.55
6168,0.04
6172,0.55
6176,0.55
6177,0.1
6179,0.09
6180,0.71
6182,0.11
6186,0.28
6189,0.4
6190,0.31
6194,0.87
6204,0.32
6205,0.09
6209,0.17
6210,0.28
6212,0.02
6214,0.97
6221,0.85
6225,0.98
6228,0.35
6229,0.28
6231,0.41
6235,0.53
6236,0.16
6237,0.9
6238,0.74
6239,0.16
6242,0.33
6249,0.16
6250,0.16
6251,0.17
6252,0.9
6260,0.43
6264,0.26
6266,0.17
6270,0.01
6275,0.16
6279,0.36
6280,0.16
6284,0.16
6285,0.29
6286,0.9
6287,0.74
6288,0.01
6289,0.65
6290,0.26
6291,0.96
6295,0.42
6298,0.99
6307,0.82
6308,0.17
6309,0.85
6313,0.54
6316,0.35
6319,0.37
6321,0.34
6324,0.26
6327,0.41
6333,0.62
6351,0.15
6352,0.92
6353,0.53
6357,0.92
6359,0.21
6360,0.46
6364,0.83
6367,0.51
6368,0.15
6377,0.99
6378,0.99
6379,0.12
6381,0.95
6390,0.77
6401,0.65
6408,0.53
6409,0.88
6411,0.38
6419,0.05
6424,0.9
6426,0.77
6428,0.32
6431,0.32
6432,0.77
6433,0.76
6435,0.98
6437,0.33
6439,0.87
6442,0.32
6444,0.81
6447,1.0
6456,0.96
6457,0.44
6460,0.18
6468,0.08
6471,0.88
6475,0.16
6476,0.89
6479,0.98
6483,0.71
6487,0.54
6488,0.09
6489,0.02
6496,0.07
6498,0.56
6502,0.02
6503,0.05
6507,0.08
6508,0.21
6509,0.14
6517,0.16
6521,0.17
6522,0.12
6524,0.06
6526,0.08
6531,0.81
6533,0.07
6538,0.755
6539,0.4782142857142857
6544,0.7473333333333335
6557,0.34
6558,0.29
6562,0.02
6563,0.22
6564,0.42
6574,0.1
6578,0.52
6581,0.28
6584,0.33
6587,0.4
6589,0.97
6590,0.11
6592,0.09
6595,0.1
6599,0.25
6600,0.08
6606,0.9
6609,0.19
6612,0.11
6615,0.63
6618,0.04
6620,0.21
6623,0.26
6633,0.41
6639,0.88
6640,0.73
6641,0.75
6645,0.0
6650,0.0
6651,0.36
6652,0.85
6657,0.39
6659,0.09
6666,0.2
6671,0.33
6673,0.85
6674,0.34
6677,0.3
6680,0.49
6684,0.11
6685,0.39333333333333337
6691,0.05
6692,0.02
6696,0.16
6698,0.11
6704,0.44
6705,0.06
6710,0.0
6713,0.43
6715,0.52
6717,0.0
6718,0.06
6720,0.0
6728,0.52
6732,0.05
6733,0.4125
6739,0.08
6740,0.45
6741,0.26
6743,0.15
6747,0.0
6750,0.85
6752,0.76
6753,0.52
6755,0.85
6761,0.45
6763,0.46
6768,0.84
6770,0.22
6771,0.52
6777,0.52
6778,0.12
6780,0.01
6782,0.5
6786,0.85
6791,0.46
6797,0.4
6798,0.83
6803,0.06
6805,0.02
6812,0.02
6816,0.0
6818,0.02
6822,0.02
6825,0.02
6826,0.0
6827,0.02
6829,0.02
6831,0.12
6836,0.88
6838,0.24
6840,0.29
6842,0.43
6846,0.02
6851,0.21
6853,0.2
6856,0.14
6859,0.98
6865,0.21
6866,0.98
6868,1.0
6869,0.84
6871,0.4433333333333333
6873,0.11
6886,0.99
6887,0.96
6888,0.82
6889,0.62
6891,0.66
6894,0.84
6895,0.39
6899,0.55
6901,0.38
6902,0.42
6904,0.63
6906,0.4
6922,0.74
6923,0.2
6924,0.51
6927,0.62
6934,0.56
6938,0.37
6941,0.56
6942,0.64
6944,0.53
6947,0.12
6952,0.94
6957,0.91
6958,1.0
6964,0.96
6968,0.98
6969,0.99
6976,0.45
6982,0.17
6986,0.54
6987,0.98
6989,0.42
6991,0.95
6993,0.94
6995,0.06
6997,0.38
7000,0.17
7003,0.07
7004,0.16
7007,0.63
7011,0.55
7014,0.19
7016,0.0
7017,0.01
7020,0.41
7022,0.06
7028,0.06
7033,0.36
7034,0.9
7035,0.03
7038,0.07
7040,0.06
7041,0.17
7042,0.07
7045,0.16
7049,0.05
7055,0.02
7057,0.55
7062,0.38
7064,0.19
7066,0.06
7067,0.29
7072,0.31
7079,0.33
7082,0.29
7083,0.01
7084,0.82
7085,0.05
7087,0.37
7090,0.5775
7094,0.78
7096,0.13
7099,0.13
7100,0.1
7101,0.4
7102,0.11
7103,0.1
7107,0.09
7110,0.1
7113,0.08
7117,0.2
7119,0.14
7123,0.6
7127,0.06
7133,0.67
7139,0.06
7143,0.16
7145,0.14
7151,0.01
7152,0.08
7153,0.02
7156,0.05
7162,0.0
7170,0.29
7172,0.24
7177,0.27
7181,0.78
7182,0.59
7189,0.06
7190,0.04
7200,0.79
7207,0.71
7209,0.15816666666666668
7212,0.97
7216,0.24
7217,0.94
7219,0.94
7220,0.91
7222,0.79
7225,0.83
7233,0.98
7237,0.55
7238,0.91
7239,0.96
7240,0.3
7243,0.6133333333333334
7245,0.43
7246,0.55
7249,0.89
7257,0.5
7258,0.86
7259,0.82
7262,0.92
7263,0.97
7269,0.97
7271,0.99
7273,0.97
7276,0.75
7279,0.33
7282,0.71
7284,0.9
7293,0.96
7298,0.59
7303,0.35
7304,0.19
7305,0.02
7308,0.64
7313,0.23
7314,0.37
7321,0.51
7322,0.17
7327,0.13
7333,0.3
7336,0.04
7339,0.44
7341,0.56
7346,0.52
7347,0.29
7349,0.2
7351,0.04
7353,0.03
7363,0.29
7364,0.02
7368,0.98
7370,0.45
7375,0.03
7376,0.38
7379,0.01
7382,0.04
7384,0.02
7385,0.13
7387,0.05
7388,0.07
7389,0.04
7394,0.06
7396,0.0
7398,0.0
7399,0.568
7401,0.2
7404,0.08
7406,0.57
7409,0.27
7411,0.09
7417,0.04
7420,0.04
7422,0.01
7423,0.03
7427,0.36
7429,0.08
7432,0.07
7435,0.1
7436,0.99
7440,0.99
7441,0.02
7445,0.56
7448,0.12
7449,0.18
7450,0.17
7454,0.06
7455,0.2
7460,0.07
7462,0.02
7464,0.12
7466,0.29
7468,0.09
7469,0.29
7471,0.79
7472,0.23
7483,0.22
7484,0.22
7485,0.03
7486,0.89
7487,0.1
7489,0.97
7492,0.07
7495,1.0
7499,0.93
7500,1.0
7506,1.0
7508,0.77
7509,0.79
7511,1.0
7516,0.95
7524,0.81
7538,0.95
7539,0.93
7541,1.0
7546,0.98
7549,0.97
7562,0.97
7564,0.9
7567,0.56
7572,0.97
7574,0.97
7575,0.97
7586,0.97
7592,0.8
7596,0.27
7597,0.61
7599,0.07
7606,0.3
7615,0.74
7618,0.7
7620,0.13
7624,0.27
7625,0.27
7629,0.14
7632,0.63
7636,0.3
7637,0.34
7646,0.04
7655,0.66
7658,0.09
7660,0.83
7664,0.28
7665,0.19
7666,0.04
7667,0.04
7673,0.13
7676,0.31
7682,0.11
7684,0.06
7690,0.12
7697,0.62
7700,0.2
7704,0.15
7705,0.16
7706,0.02
7708,0.01
7709,0.06
7710,0.58
7713,0.01
7716,0.06
7726,0.22
7729,0.08
7730,0.12
7732,0.05
7734,0.01
7740,0.04
7741,0.1
7745,0.71
7757,0.33
7762,0.5
7770,0.49
7776,0.27
7777,0.07
7778,0.69
7779,0.32
7782,0.28
7786,0.77
7791,0.51
7792,0.78
7794,0.3
7795,0.02
7796,0.05
7798,0.17
7805,0.05
7806,0.0
7808,0.05
7811,0.08
7814,0.08
7819,0.05
7820,0.45
7825,0.05
7829,0.03
7834,0.14
7836,0.05
7838,0.0
7841,0.14
7845,0.61
7846,0.02
7853,0.02
7856,0.0
7858,0.01
7859,0.68
7866,0.09
7875,0.86
7879,0.02
7884,0.07
7886,0.68
7890,0.23
7892,0.01
7896,0.24
7899,0.93
7900,0.91
7901,0.42
7904,0.24
7911,0.74
7917,0.39
7919,0.2
7920,1.0
7921,0.92
7922,0.01
7925,0.94
7927,0.24
7928,0.92
7931,0.53
7942,0.1
7946,0.92
7947,0.45
7948,0.27
7951,0.19
7956,0.27
7961,1.0
7964,1.0
7966,1.0
7967,1.0
7974,1.0
7975,0.86
7979,1.0
7985,1.0
7986,1.0
7993,0.47
7995,0.99
7997,0.08
7998,1.0
8004,1.0
8007,1.0
8011,0.1675
8014,0.6566666666666667
8022,0.22
8027,0.13
8033,0.502904761904762
8041,0.22
8042,0.6366666666666667
8046,0.76
8048,0.55
8050,0.92
8051,0.7625
8052,0.8
8053,0.91
8054,0.7625
8059,0.25
8063,0.77
8072,0.06
8075,0.01
8076,0.0
8077,0.99
8078,0.85
8080,0.05
8082,0.0
8086,0.17
8090,0.83
8092,0.35
8093,0.45
8099,0.97
8104,0.69
8107,0.44
8108,0.02
8114,0.2
8115,0.83
8117,1.0
8123,0.99
8124,0.99
8127,0.82
8132,0.5
8134,0.92
8139,0.43
8145,0.83
8148,0.94
8151,0.73
8152,0.93
8153,0.18
8157,0.19
8160,0.98
8166,1.0
8167,0.73
8173,0.96
8174,0.73
8178,0.79
8179,0.1
8185,0.85
8186,0.73
8192,0.17
8193,0.18
8194,0.23
8197,0.0
8198,0.05
8199,0.0
8200,0.23
8206,0.22
8207,0.22
8220,0.2
8222,0.01
8227,0.13
8228,0.03
8229,0.31
8230,0.74
8233,0.74
8248,0.85
8249,0.62
8255,0.46
8260,0.62
8263,0.64
8265,0.65
8268,0.1
8269,0.75
8272,0.8
8273,0.78
8275,0.16
8277,0.16
8281,0.31
8282,0.73
8290,1.0
8293,0.92
8299,0.28
8302,0.17
8303,0.14
8305,0.15
8306,0.12
8307,0.16
8308,0.16
8313,0.28
8316,0.17
8319,0.31
8322,0.98
8323,0.3
8325,0.06
8326,0.08
8327,0.13
8328,0.48
8331,0.14
8333,0.72
8336,0.2
8338,0.17
8340,0.16
8342,0.23
8343,0.12
8353,0.05
8354,0.44
8357,0.4
8358,0.05
8359,0.16
8373,0.01
8376,0.03
8379,0.3
8380,0.05
8381,0.09
8384,0.22
8395,0.84
8398,0.83
8403,0.15
8407,0.84
8413,0.84
8417,0.84
8420,0.84
8421,0.25
8424,0.84
8426,0.81
8427,0.84
8438,0.84
8439,0.08
8442,0.13
8449,0.31
8456,0.07
8460,0.11
8462,0.08
8465,0.42
8466,0.16
8467,0.22
8469,0.3
8470,0.01
8474,0.05
8479,0.22
8481,0.01
8482,0.2
8485,0.08
8488,0.05
8492,0.01
8493,0.77
8495,0.0
8499,0.32
8501,0.11
8519,0.07
8521,0.0
8525,0.4
8527,0.2
8529,0.04
8532,0.09
8534,0.02
8535,0.0
8537,0.05
8544,0.04
8548,0.16
8549,0.01
8552,0.0
8554,0.01
8563,0.15
8564,0.0
8565,0.0
8566,0.23
8568,0.0
8569,0.07
8573,0.0
8583,0.03
8588,0.04
8590,0.01
8592,0.28
8593,0.02
8594,0.84
8597,0.54
8600,0.87
8601,0.55
8602,0.28
8603,0.59
8604,0.37
8605,0.3
8611,0.21
8614,0.19
8616,0.98
8617,0.17
8619,0.92
8626,0.77
8629,0.15
8630,0.17
8632,0.29
8634,0.95
8641,0.57
8645,0.96
8649,0.99
8652,0.99
8666,0.94
8671,0.02
8672,1.0
8675,1.0
8678,0.97
8679,1.0
8682,0.96
8687,0.98
8701,0.02
8703,0.17
8707,0.13
8713,0.01
8716,0.17
8719,0.0
8725,0.42
8730,0.01
8731,0.08
8748,0.01
8749,0.11
8756,0.01
8764,0.01
8765,0.21
8769,0.73
8771,0.21
8772,0.01
8773,0.45
8779,0.03
8792,0.76
8794,0.01
8796,0.13
8798,0.67
8803,0.13
8807,0.08
8809,0.26
8811,0.03
8813,0.04
8814,0.14
8818,0.43
8819,0.07
8820,0.66
8821,0.03
8822,0.02
8824,0.03
8826,0.03
8827,0.19
8828,0.18
8833,0.52
8834,0.01
8845,0.0
8847,0.01
8849,0.28
8861,0.07
8867,0.0
8868,0.0
8870,0.35
8873,0.05
8874,0.05
8876,0.04
8877,0.15
8879,0.0
8882,0.02
8884,0.11
8889,0.12
8891,0.02
8894,0.28
8895,0.06
8897,0.34
8898,0.31
8901,0.16
8904,0.38
8909,0.31
8910,0.49
8911,0.5
8915,0.45
8917,0.44
8918,0.06
8919,0.28
8922,0.29
8925,0.69
8928,0.05
8929,0.25
8930,0.84
8932,0.02
8937,0.34
8940,0.61
8943,0.14
8950,0.57
8951,0.74
8954,0.11
8958,0.69
8960,0.5
8964,0.75
8975,0.52
8977,0.68
8981,0.66
8982,0.56
8984,0.75
8988,0.29
8990,0.75
8991,0.06
8995,0.06
8997,0.04
9003,0.3
9004,0.09
9010,0.85
9011,0.08
9013,0.41
9014,0.73
9015,0.03
9017,0.06
9019,0.14
9021,0.42
9024,0.44
9032,0.06
9035,0.3
9036,0.77
9037,0.03
9043,0.98
9046,1.0
9048,0.98
9049,1.0
9050,0.76
9056,0.12
9063,0.24
9065,0.53
9066,0.98
9068,0.09
9069,1.0
9070,0.01
9073,0.85
9076,0.73
9091,0.56
9092,0.93
9104,1.0
9105,1.0
9108,1.0
9111,1.0
9115,1.0
9117,1.0
9122,1.0
9125,1.0
9127,0.93
9129,1.0
9133,1.0
9136,1.0
9138,1.0
9140,1.0
9147,0.99
9150,0.54
9152,0.99
9153,1.0
9155,1.0
9158,0.96
9160,0.96
9163,0.99
9165,0.68
9167,0.97
9168,0.99
9170,1.0
9176,0.95
9178,0.96
9184,1.0
9186,0.97
9188,1.0
9189,1.0
9190,1.0
9196,0.99
9198,0.98
9199,0.38
9200,0.75
9201,0.35
9202,0.98
9204,0.99
9205,0.93
9213,0.97
9214,0.96
9224,1.0
9227,1.0
9228,1.0
9229,0.99
9234,0.99
9236,0.99
9241,1.0
9243,0.38
9245,0.28
9256,0.7
9258,0.08
9261,0.38
9274,0.08
9279,0.07
9282,0.32
9284,0.03
9285,0.17
9291,0.08
9295,0.27
9299,0.05
9302,0.01
9304,0.14
9305,0.09
9306,0.04
9310,0.02
9312,0.13
9316,0.03
9318,0.35
9323,0.15
9326,0.05
9327,0.25
9328,0.04
9331,0.39
9335,0.77
9336,0.1
9340,0.05
9349,0.36
9352,0.11
9353,0.17
9354,0.33
9356,0.03
9357,0.09
9358,0.13
9359,0.57
9364,0.04
9366,1.0
9369,0.03
9370,0.1
9379,0.01
9381,0.22
9383,0.09
9389,0.05
9390,0.46
9392,0.95
9394,0.82
9398,0.54
9399,0.88
9400,0.09
9407,0.98
9409,0.54
9412,0.13
9413,0.74
9415,0.15
9419,0.84
9423,0.28
9424,0.98
9426,0.32
9427,0.95
9428,0.07
9429,0.24
9433,0.97
9437,0.59
9440,0.26
9442,1.0
9443,1.0
9444,0.59
9447,0.94
9459,0.24
9461,0.86
9462,0.45
9464,1.0
9473,0.97
9475,0.66
9476,1.0
9477,0.94
9478,0.86
9479,0.97
9483,0.24
9487,0.86
9494,1.0
9497,0.96
9498,0.95
9506,0.66
9512,0.45
9514,1.0
9515,0.78
9516,0.71
9517,1.0
9518,0.49
9521,0.67
9523,0.14
9527,0.16
9528,0.65
9530,0.41
9532,0.73
9534,0.43
9535,0.05
9536,0.97
9543,0.14333333333333334
9544,0.26
9545,0.2
9546,0.21
9549,0.35
9558,0.06
9560,0.12
9561,0.02
9570,0.04
9573,0.09
9578,0.48
9584,0.09
9587,0.25
9588,0.0
9599,0.83
9601,0.38
9604,0.53
9614,0.89
9615,0.95
9621,1.0
9622,0.59
9623,0.57
9624,0.51
9626,0.91
9628,0.91
9630,0.05
9631,0.87
9633,0.57
9635,0.99
9637,0.88
9641,0.18
9647,0.87
9648,0.85
9649,0.22
9658,0.05
9662,0.93
9668,0.54
9671,0.19
9676,0.95
9677,0.99
9679,0.12
9682,0.4
9685,0.05
9689,0.56
9692,0.12
9693,0.38
9694,0.58
9696,0.1
9700,0.05
9711,0.69
9713,0.17
9720,0.07
9721,0.91
9725,0.43
9726,0.25
9727,0.03
9735,0.22
9740,0.64
9742,0.69
9743,0.85
9747,0.69
9748,0.68
9751,0.69
9758,0.48
9767,0.24
9768,0.2
9773,0.23
9777,0.11
9781,0.27
9784,0.18
9786,0.52
9789,0.23
9792,0.3
9793,0.07
9798,0.35
9799,0.24
9802,0.41
9803,0.44
9804,0.09
9805,0.1
9807,0.48
9809,0.42
9811,0.71
9814,0.56
9817,0.41
9821,0.67
9824,0.44
9825,0.45
9827,0.44
9839,0.8
9840,0.33
9843,0.24
9844,0.69
9845,0.39
9847,0.35
9848,0.17
9851,0.39
9852,0.64
9855,0.89
9856,0.38
9863,0.29
9867,0.04
9871,0.0
9876,0.07
9879,0.08
9882,0.47
9891,0.07
9892,0.85
9893,0.02
9895,0.17
9899,0.22
9900,0.02
9902,0.26
9903,0.51
9904,0.01
9908,0.19
9913,0.12
9914,0.33
9917,0.16
9922,0.3
9924,0.17
9926,0.43
9927,0.44
9928,0.64
9929,0.46
9936,0.44
9939,0.11
9947,0.54
9951,0.31
9954,0.2
9956,0.07
9957,0.4
9959,0.0
9962,0.1
9964,0.05
9966,0.39
9968,0.05
9969,0.53
9970,0.82
9975,0.17
9977,0.08
9981,0.09
9993,0.06
9996,0.13
9997,0.1
9999,0.24
10002,0.0
10007,0.94
10015,0.06
10019,0.97
10022,0.26
10024,0.04
10026,0.1
10033,0.13
10043,0.07
10046,0.11
10051,0.14
10053,0.31
10062,0.93
10063,1.0
10065,0.98
10068,1.0
10078,0.91
10086,0.82
10094,0.74
10095,0.85
10096,0.87
10097,0.83
10103,1.0
10104,1.0
10108,0.43
10122,0.05
10123,0.18
10128,0.25
10131,0.03
10133,0.01
10134,0.0
10135,0.26
10145,0.0
10148,0.05
10154,0.39
10155,0.01
10158,0.96
10160,1.0
10161,0.31
10162,0.88
10165,0.97
10166,0.98
10167,0.4
10170,0.58
10178,0.98
10180,0.61
10181,0.33
10185,0.54
10188,0.65
10190,0.88
10196,0.6
10200,0.69
10205,0.97
10211,0.14
10216,0.36
10219,0.65
10221,0.24
10225,0.08
10227,0.28
10228,0.36
10230,0.38
10232,0.91
10233,0.88
10235,0.47
10238,0.84
10240,0.57
10242,0.29
10248,0.43
10254,0.18
10257,0.13
10261,0.22
10262,0.34
10266,0.01
10267,0.94
10271,0.29
10277,0.24
10279,0.09
10281,0.54
10282,0.67
10285,0.05
10292,0.98
10298,0.08
10300,0.39
10309,0.03
10311,0.19
10312,0.01
10319,0.2
10324,0.98
10326,0.15
10328,0.35
10343,0.29
10346,0.14
10347,0.09
10353,0.5
10354,0.7
10356,0.52
10357,0.59
10362,0.41
10363,0.39
10370,0.42
10373,0.29
10386,0.1
10388,0.06
10389,0.41
10391,0.73
10397,0.09
10400,0.03
10403,0.01
10404,0.18
10408,0.28
10417,0.18
10425,0.1
10435,0.81
10437,0.74
10438,0.4
10440,0.08
10442,0.73
10447,0.88
10452,0.88
10453,0.61
10454,0.91
10459,0.76
10460,0.5
10463,0.82
10465,0.52
10469,0.6
10474,0.94
10475,0.97
10476,0.42
10477,0.39
10480,0.65
10491,0.93
10493,0.98
10494,0.93
10495,0.95
10497,0.98
10501,0.99
10504,0.93
10507,0.98
10509,1.0
10510,0.3
10512,0.98
10514,1.0
10526,0.98
10528,1.0
10530,0.99
10531,0.66
10532,0.93
10538,0.39
10539,0.51
10542,0.04
10547,0.17
10549,0.22
10556,0.12
10569,0.03
10572,0.18
10577,0.55
10579,0.29
10586,0.14
10594,0.24
10595,0.88
10597,0.11
10602,1.0
10604,0.97
10614,0.07
10617,0.02
10618,1.0
10619,0.62
10624,1.0
10633,0.14
10634,1.0
10635,0.2
10638,0.14
10639,0.0
10642,0.04
10643,0.05
10645,0.23
10646,0.02
10649,0.04
10652,0.94
10653,0.28
10654,0.05
10661,0.55
10664,0.86
10668,0.22
10670,0.06
10674,0.54
10683,0.07
10694,0.18
10697,0.06
10699,0.14
10701,0.04
10703,0.86
10713,0.1
10714,0.17
10716,0.02
10717,0.14
10719,0.03
10725,0.19
10728,0.11
10734,0.13
10738,1.0
10740,1.0
10742,1.0
10756,1.0
10757,1.0
10758,1.0
10761,1.0
10762,1.0
10773,1.0
10778,1.0
10781,0.99
10791,0.0
10792,0.12
10796,0.28
10797,0.16
10801,0.01
10804,0.81
10806,0.04
10807,0.15
10816,0.04
10820,0.1
10828,0.05
10836,0.99
10838,1.0
10845,0.88
10856,0.61
10857,0.35
10858,0.73
10861,0.97
10865,0.11
10868,0.99
10874,0.48
10875,0.27
